Code Domaine,Domaine,Code zone,Zone,Code Élément,Élément,Code Produit,Produit,Code année,Année,Unité,Valeur,Symbole,Description du Symbole
"FS","Données de la sécurité alimentaire","2","Afghanistan","6126","Valeur","22013","PIB par habitant, ($ PPA internationaux constants de 2011)","2012","2012","I$","1839.3","X","Sources internationales sûres"
"FS","Données de la sécurité alimentaire","2","Afghanistan","6126","Valeur","22013","PIB par habitant, ($ PPA internationaux constants de 2011)","2013","2013","I$","1848.7","X","Sources internationales sûres"
"FS","Données de la sécurité alimentaire","202","Afrique du Sud","6126","Valeur","22013","PIB par habitant, ($ PPA internationaux constants de 2011)","2012","2012","I$","12215.3","X","Sources internationales sûres"
"FS","Données de la sécurité alimentaire","202","Afrique du Sud","6126","Valeur","22013","PIB par habitant, ($ PPA internationaux constants de 2011)","2013","2013","I$","12339.7","X","Sources internationales sûres"
"FS","Données de la sécurité alimentaire","3","Albanie","6126","Valeur","22013","PIB par habitant, ($ PPA internationaux constants de 2011)","2012","2012","I$","10369.8","X","Sources internationales sûres"
"FS","Données de la sécurité alimentaire","3","Albanie","6126","Valeur","22013","PIB par habitant, ($ PPA internationaux constants de 2011)","2013","2013","I$","10492.8","X","Sources internationales sûres"
"FS","Données de la sécurité alimentaire","4","Algérie","6126","Valeur","22013","PIB par habitant, ($ PPA internationaux constants de 2011)","2012","2012","I$","13162","X","Sources internationales sûres"
"FS","Données de la sécurité alimentaire","4","Algérie","6126","Valeur","22013","PIB par habitant, ($ PPA internationaux constants de 2011)","2013","2013","I$","13253.6","X","Sources internationales sûres"
"FS","Données de la sécurité alimentaire","79","Allemagne","6126","Valeur","22013","PIB par habitant, ($ PPA internationaux constants de 2011)","2012","2012","I$","42822.1","X","Sources internationales sûres"
"FS","Données de la sécurité alimentaire","79","Allemagne","6126","Valeur","22013","PIB par habitant, ($ PPA internationaux constants de 2011)","2013","2013","I$","42914.5","X","Sources internationales sûres"
"FS","Données de la sécurité alimentaire","7","Angola","6126","Valeur","22013","PIB par habitant, ($ PPA internationaux constants de 2011)","2012","2012","I$","5999.9","X","Sources internationales sûres"
"FS","Données de la sécurité alimentaire","7","Angola","6126","Valeur","22013","PIB par habitant, ($ PPA internationaux constants de 2011)","2013","2013","I$","6188","X","Sources internationales sûres"
"FS","Données de la sécurité alimentaire","8","Antigua-et-Barbuda","6126","Valeur","22013","PIB par habitant, ($ PPA internationaux constants de 2011)","2012","2012","I$","19047.2","X","Sources internationales sûres"
"FS","Données de la sécurité alimentaire","8","Antigua-et-Barbuda","6126","Valeur","22013","PIB par habitant, ($ PPA internationaux constants de 2011)","2013","2013","I$","18823.8","X","Sources internationales sûres"
"FS","Données de la sécurité alimentaire","194","Arabie saoudite","6126","Valeur","22013","PIB par habitant, ($ PPA internationaux constants de 2011)","2012","2012","I$","49658.7","X","Sources internationales sûres"
"FS","Données de la sécurité alimentaire","194","Arabie saoudite","6126","Valeur","22013","PIB par habitant, ($ PPA internationaux constants de 2011)","2013","2013","I$","49537.6","X","Sources internationales sûres"
"FS","Données de la sécurité alimentaire","9","Argentine","6126","Valeur","22013","PIB par habitant, ($ PPA internationaux constants de 2011)","2012","2012","I$","19224.9","X","Sources internationales sûres"
"FS","Données de la sécurité alimentaire","9","Argentine","6126","Valeur","22013","PIB par habitant, ($ PPA internationaux constants de 2011)","2013","2013","I$","19482.2","X","Sources internationales sûres"
"FS","Données de la sécurité alimentaire","1","Arménie","6126","Valeur","22013","PIB par habitant, ($ PPA internationaux constants de 2011)","2012","2012","I$","7511.1","X","Sources internationales sûres"
"FS","Données de la sécurité alimentaire","1","Arménie","6126","Valeur","22013","PIB par habitant, ($ PPA internationaux constants de 2011)","2013","2013","I$","7727.9","X","Sources internationales sûres"
"FS","Données de la sécurité alimentaire","10","Australie","6126","Valeur","22013","PIB par habitant, ($ PPA internationaux constants de 2011)","2012","2012","I$","42754.5","X","Sources internationales sûres"
"FS","Données de la sécurité alimentaire","10","Australie","6126","Valeur","22013","PIB par habitant, ($ PPA internationaux constants de 2011)","2013","2013","I$","43118.1","X","Sources internationales sûres"
"FS","Données de la sécurité alimentaire","11","Autriche","6126","Valeur","22013","PIB par habitant, ($ PPA internationaux constants de 2011)","2012","2012","I$","44551.6","X","Sources internationales sûres"
"FS","Données de la sécurité alimentaire","11","Autriche","6126","Valeur","22013","PIB par habitant, ($ PPA internationaux constants de 2011)","2013","2013","I$","44301.1","X","Sources internationales sûres"
"FS","Données de la sécurité alimentaire","52","Azerbaïdjan","6126","Valeur","22013","PIB par habitant, ($ PPA internationaux constants de 2011)","2012","2012","I$","15888.2","X","Sources internationales sûres"
"FS","Données de la sécurité alimentaire","52","Azerbaïdjan","6126","Valeur","22013","PIB par habitant, ($ PPA internationaux constants de 2011)","2013","2013","I$","16593.2","X","Sources internationales sûres"
"FS","Données de la sécurité alimentaire","12","Bahamas","6126","Valeur","22013","PIB par habitant, ($ PPA internationaux constants de 2011)","2012","2012","I$","29395.6","X","Sources internationales sûres"
"FS","Données de la sécurité alimentaire","12","Bahamas","6126","Valeur","22013","PIB par habitant, ($ PPA internationaux constants de 2011)","2013","2013","I$","28871.4","X","Sources internationales sûres"
"FS","Données de la sécurité alimentaire","13","Bahreïn","6126","Valeur","22013","PIB par habitant, ($ PPA internationaux constants de 2011)","2012","2012","I$","40960.3","X","Sources internationales sûres"
"FS","Données de la sécurité alimentaire","13","Bahreïn","6126","Valeur","22013","PIB par habitant, ($ PPA internationaux constants de 2011)","2013","2013","I$","42680.2","X","Sources internationales sûres"
"FS","Données de la sécurité alimentaire","16","Bangladesh","6126","Valeur","22013","PIB par habitant, ($ PPA internationaux constants de 2011)","2012","2012","I$","2706.6","X","Sources internationales sûres"
"FS","Données de la sécurité alimentaire","16","Bangladesh","6126","Valeur","22013","PIB par habitant, ($ PPA internationaux constants de 2011)","2013","2013","I$","2835.8","X","Sources internationales sûres"
"FS","Données de la sécurité alimentaire","14","Barbade","6126","Valeur","22013","PIB par habitant, ($ PPA internationaux constants de 2011)","2012","2012","I$","16463.8","X","Sources internationales sûres"
"FS","Données de la sécurité alimentaire","14","Barbade","6126","Valeur","22013","PIB par habitant, ($ PPA internationaux constants de 2011)","2013","2013","I$","16409.9","X","Sources internationales sûres"
"FS","Données de la sécurité alimentaire","57","Bélarus","6126","Valeur","22013","PIB par habitant, ($ PPA internationaux constants de 2011)","2012","2012","I$","17479.9","X","Sources internationales sûres"
"FS","Données de la sécurité alimentaire","57","Bélarus","6126","Valeur","22013","PIB par habitant, ($ PPA internationaux constants de 2011)","2013","2013","I$","17656.1","X","Sources internationales sûres"
"FS","Données de la sécurité alimentaire","255","Belgique","6126","Valeur","22013","PIB par habitant, ($ PPA internationaux constants de 2011)","2012","2012","I$","41046.5","X","Sources internationales sûres"
"FS","Données de la sécurité alimentaire","255","Belgique","6126","Valeur","22013","PIB par habitant, ($ PPA internationaux constants de 2011)","2013","2013","I$","40928.1","X","Sources internationales sûres"
"FS","Données de la sécurité alimentaire","23","Belize","6126","Valeur","22013","PIB par habitant, ($ PPA internationaux constants de 2011)","2012","2012","I$","7974","X","Sources internationales sûres"
"FS","Données de la sécurité alimentaire","23","Belize","6126","Valeur","22013","PIB par habitant, ($ PPA internationaux constants de 2011)","2013","2013","I$","7856.4","X","Sources internationales sûres"
"FS","Données de la sécurité alimentaire","53","Bénin","6126","Valeur","22013","PIB par habitant, ($ PPA internationaux constants de 2011)","2012","2012","I$","1856","X","Sources internationales sûres"
"FS","Données de la sécurité alimentaire","53","Bénin","6126","Valeur","22013","PIB par habitant, ($ PPA internationaux constants de 2011)","2013","2013","I$","1934.6","X","Sources internationales sûres"
"FS","Données de la sécurité alimentaire","17","Bermudes","6126","Valeur","22013","PIB par habitant, ($ PPA internationaux constants de 2011)","2012","2012","I$","52137.3","X","Sources internationales sûres"
"FS","Données de la sécurité alimentaire","17","Bermudes","6126","Valeur","22013","PIB par habitant, ($ PPA internationaux constants de 2011)","2013","2013","I$","50669.3","X","Sources internationales sûres"
"FS","Données de la sécurité alimentaire","18","Bhoutan","6126","Valeur","22013","PIB par habitant, ($ PPA internationaux constants de 2011)","2012","2012","I$","7032.7","X","Sources internationales sûres"
"FS","Données de la sécurité alimentaire","18","Bhoutan","6126","Valeur","22013","PIB par habitant, ($ PPA internationaux constants de 2011)","2013","2013","I$","7070.8","X","Sources internationales sûres"
"FS","Données de la sécurité alimentaire","19","Bolivie (État plurinational de)","6126","Valeur","22013","PIB par habitant, ($ PPA internationaux constants de 2011)","2012","2012","I$","5792.9","X","Sources internationales sûres"
"FS","Données de la sécurité alimentaire","19","Bolivie (État plurinational de)","6126","Valeur","22013","PIB par habitant, ($ PPA internationaux constants de 2011)","2013","2013","I$","6090.7","X","Sources internationales sûres"
"FS","Données de la sécurité alimentaire","80","Bosnie-Herzégovine","6126","Valeur","22013","PIB par habitant, ($ PPA internationaux constants de 2011)","2012","2012","I$","9929.7","X","Sources internationales sûres"
"FS","Données de la sécurité alimentaire","80","Bosnie-Herzégovine","6126","Valeur","22013","PIB par habitant, ($ PPA internationaux constants de 2011)","2013","2013","I$","10284.8","X","Sources internationales sûres"
"FS","Données de la sécurité alimentaire","20","Botswana","6126","Valeur","22013","PIB par habitant, ($ PPA internationaux constants de 2011)","2012","2012","I$","14244.5","X","Sources internationales sûres"
"FS","Données de la sécurité alimentaire","20","Botswana","6126","Valeur","22013","PIB par habitant, ($ PPA internationaux constants de 2011)","2013","2013","I$","15568.3","X","Sources internationales sûres"
"FS","Données de la sécurité alimentaire","21","Brésil","6126","Valeur","22013","PIB par habitant, ($ PPA internationaux constants de 2011)","2012","2012","I$","15119.9","X","Sources internationales sûres"
"FS","Données de la sécurité alimentaire","21","Brésil","6126","Valeur","22013","PIB par habitant, ($ PPA internationaux constants de 2011)","2013","2013","I$","15432.9","X","Sources internationales sûres"
"FS","Données de la sécurité alimentaire","26","Brunéi Darussalam","6126","Valeur","22013","PIB par habitant, ($ PPA internationaux constants de 2011)","2012","2012","I$","81993.9","X","Sources internationales sûres"
"FS","Données de la sécurité alimentaire","26","Brunéi Darussalam","6126","Valeur","22013","PIB par habitant, ($ PPA internationaux constants de 2011)","2013","2013","I$","79070.2","X","Sources internationales sûres"
"FS","Données de la sécurité alimentaire","27","Bulgarie","6126","Valeur","22013","PIB par habitant, ($ PPA internationaux constants de 2011)","2012","2012","I$","15772.1","X","Sources internationales sûres"
"FS","Données de la sécurité alimentaire","27","Bulgarie","6126","Valeur","22013","PIB par habitant, ($ PPA internationaux constants de 2011)","2013","2013","I$","15997.4","X","Sources internationales sûres"
"FS","Données de la sécurité alimentaire","233","Burkina Faso","6126","Valeur","22013","PIB par habitant, ($ PPA internationaux constants de 2011)","2012","2012","I$","1521.5","X","Sources internationales sûres"
"FS","Données de la sécurité alimentaire","233","Burkina Faso","6126","Valeur","22013","PIB par habitant, ($ PPA internationaux constants de 2011)","2013","2013","I$","1562.3","X","Sources internationales sûres"
"FS","Données de la sécurité alimentaire","29","Burundi","6126","Valeur","22013","PIB par habitant, ($ PPA internationaux constants de 2011)","2012","2012","I$","778.7","X","Sources internationales sûres"
"FS","Données de la sécurité alimentaire","29","Burundi","6126","Valeur","22013","PIB par habitant, ($ PPA internationaux constants de 2011)","2013","2013","I$","790.7","X","Sources internationales sûres"
"FS","Données de la sécurité alimentaire","35","Cabo Verde","6126","Valeur","22013","PIB par habitant, ($ PPA internationaux constants de 2011)","2012","2012","I$","5986.9","X","Sources internationales sûres"
"FS","Données de la sécurité alimentaire","35","Cabo Verde","6126","Valeur","22013","PIB par habitant, ($ PPA internationaux constants de 2011)","2013","2013","I$","5963.9","X","Sources internationales sûres"
"FS","Données de la sécurité alimentaire","115","Cambodge","6126","Valeur","22013","PIB par habitant, ($ PPA internationaux constants de 2011)","2012","2012","I$","2807","X","Sources internationales sûres"
"FS","Données de la sécurité alimentaire","115","Cambodge","6126","Valeur","22013","PIB par habitant, ($ PPA internationaux constants de 2011)","2013","2013","I$","2964.2","X","Sources internationales sûres"
"FS","Données de la sécurité alimentaire","32","Cameroun","6126","Valeur","22013","PIB par habitant, ($ PPA internationaux constants de 2011)","2012","2012","I$","3021.2","X","Sources internationales sûres"
"FS","Données de la sécurité alimentaire","32","Cameroun","6126","Valeur","22013","PIB par habitant, ($ PPA internationaux constants de 2011)","2013","2013","I$","3100.2","X","Sources internationales sûres"
"FS","Données de la sécurité alimentaire","33","Canada","6126","Valeur","22013","PIB par habitant, ($ PPA internationaux constants de 2011)","2012","2012","I$","41794.5","X","Sources internationales sûres"
"FS","Données de la sécurité alimentaire","33","Canada","6126","Valeur","22013","PIB par habitant, ($ PPA internationaux constants de 2011)","2013","2013","I$","42339.4","X","Sources internationales sûres"
"FS","Données de la sécurité alimentaire","40","Chili","6126","Valeur","22013","PIB par habitant, ($ PPA internationaux constants de 2011)","2012","2012","I$","21330.2","X","Sources internationales sûres"
"FS","Données de la sécurité alimentaire","40","Chili","6126","Valeur","22013","PIB par habitant, ($ PPA internationaux constants de 2011)","2013","2013","I$","21998.3","X","Sources internationales sûres"
"FS","Données de la sécurité alimentaire","351","Chine","6126","Valeur","22013","PIB par habitant, ($ PPA internationaux constants de 2011)","2012","2012","I$","11393.5","X","Sources internationales sûres"
"FS","Données de la sécurité alimentaire","351","Chine","6126","Valeur","22013","PIB par habitant, ($ PPA internationaux constants de 2011)","2013","2013","I$","12206.8","X","Sources internationales sûres"
"FS","Données de la sécurité alimentaire","96","Chine - RAS de Hong-Kong","6126","Valeur","22013","PIB par habitant, ($ PPA internationaux constants de 2011)","2012","2012","I$","50378.3","X","Sources internationales sûres"
"FS","Données de la sécurité alimentaire","96","Chine - RAS de Hong-Kong","6126","Valeur","22013","PIB par habitant, ($ PPA internationaux constants de 2011)","2013","2013","I$","51732.4","X","Sources internationales sûres"
"FS","Données de la sécurité alimentaire","128","Chine - RAS de Macao","6126","Valeur","22013","PIB par habitant, ($ PPA internationaux constants de 2011)","2012","2012","I$","124569","X","Sources internationales sûres"
"FS","Données de la sécurité alimentaire","128","Chine - RAS de Macao","6126","Valeur","22013","PIB par habitant, ($ PPA internationaux constants de 2011)","2013","2013","I$","135319","X","Sources internationales sûres"
"FS","Données de la sécurité alimentaire","41","Chine, continentale","6126","Valeur","22013","PIB par habitant, ($ PPA internationaux constants de 2011)","2012","2012","I$","11145.8","X","Sources internationales sûres"
"FS","Données de la sécurité alimentaire","41","Chine, continentale","6126","Valeur","22013","PIB par habitant, ($ PPA internationaux constants de 2011)","2013","2013","I$","11951.2","X","Sources internationales sûres"
"FS","Données de la sécurité alimentaire","50","Chypre","6126","Valeur","22013","PIB par habitant, ($ PPA internationaux constants de 2011)","2012","2012","I$","31690.9","X","Sources internationales sûres"
"FS","Données de la sécurité alimentaire","50","Chypre","6126","Valeur","22013","PIB par habitant, ($ PPA internationaux constants de 2011)","2013","2013","I$","29879.8","X","Sources internationales sûres"
"FS","Données de la sécurité alimentaire","44","Colombie","6126","Valeur","22013","PIB par habitant, ($ PPA internationaux constants de 2011)","2012","2012","I$","11840.2","X","Sources internationales sûres"
"FS","Données de la sécurité alimentaire","44","Colombie","6126","Valeur","22013","PIB par habitant, ($ PPA internationaux constants de 2011)","2013","2013","I$","12296.3","X","Sources internationales sûres"
"FS","Données de la sécurité alimentaire","45","Comores","6126","Valeur","22013","PIB par habitant, ($ PPA internationaux constants de 2011)","2012","2012","I$","1422.2","X","Sources internationales sûres"
"FS","Données de la sécurité alimentaire","45","Comores","6126","Valeur","22013","PIB par habitant, ($ PPA internationaux constants de 2011)","2013","2013","I$","1437","X","Sources internationales sûres"
"FS","Données de la sécurité alimentaire","46","Congo","6126","Valeur","22013","PIB par habitant, ($ PPA internationaux constants de 2011)","2012","2012","I$","5271.2","X","Sources internationales sûres"
"FS","Données de la sécurité alimentaire","46","Congo","6126","Valeur","22013","PIB par habitant, ($ PPA internationaux constants de 2011)","2013","2013","I$","5317.1","X","Sources internationales sûres"
"FS","Données de la sécurité alimentaire","48","Costa Rica","6126","Valeur","22013","PIB par habitant, ($ PPA internationaux constants de 2011)","2012","2012","I$","13878","X","Sources internationales sûres"
"FS","Données de la sécurité alimentaire","48","Costa Rica","6126","Valeur","22013","PIB par habitant, ($ PPA internationaux constants de 2011)","2013","2013","I$","14035.3","X","Sources internationales sûres"
"FS","Données de la sécurité alimentaire","107","Côte d'Ivoire","6126","Valeur","22013","PIB par habitant, ($ PPA internationaux constants de 2011)","2012","2012","I$","2712.4","X","Sources internationales sûres"
"FS","Données de la sécurité alimentaire","107","Côte d'Ivoire","6126","Valeur","22013","PIB par habitant, ($ PPA internationaux constants de 2011)","2013","2013","I$","2879.9","X","Sources internationales sûres"
"FS","Données de la sécurité alimentaire","98","Croatie","6126","Valeur","22013","PIB par habitant, ($ PPA internationaux constants de 2011)","2012","2012","I$","20346.8","X","Sources internationales sûres"
"FS","Données de la sécurité alimentaire","98","Croatie","6126","Valeur","22013","PIB par habitant, ($ PPA internationaux constants de 2011)","2013","2013","I$","20271.3","X","Sources internationales sûres"
"FS","Données de la sécurité alimentaire","54","Danemark","6126","Valeur","22013","PIB par habitant, ($ PPA internationaux constants de 2011)","2012","2012","I$","44336.8","X","Sources internationales sûres"
"FS","Données de la sécurité alimentaire","54","Danemark","6126","Valeur","22013","PIB par habitant, ($ PPA internationaux constants de 2011)","2013","2013","I$","44564.5","X","Sources internationales sûres"
"FS","Données de la sécurité alimentaire","55","Dominique","6126","Valeur","22013","PIB par habitant, ($ PPA internationaux constants de 2011)","2012","2012","I$","9981.1","X","Sources internationales sûres"
"FS","Données de la sécurité alimentaire","55","Dominique","6126","Valeur","22013","PIB par habitant, ($ PPA internationaux constants de 2011)","2013","2013","I$","9871.7","X","Sources internationales sûres"
"FS","Données de la sécurité alimentaire","59","Égypte","6126","Valeur","22013","PIB par habitant, ($ PPA internationaux constants de 2011)","2012","2012","I$","9822.4","X","Sources internationales sûres"
"FS","Données de la sécurité alimentaire","59","Égypte","6126","Valeur","22013","PIB par habitant, ($ PPA internationaux constants de 2011)","2013","2013","I$","9814.2","X","Sources internationales sûres"
"FS","Données de la sécurité alimentaire","60","El Salvador","6126","Valeur","22013","PIB par habitant, ($ PPA internationaux constants de 2011)","2012","2012","I$","6663.8","X","Sources internationales sûres"
"FS","Données de la sécurité alimentaire","60","El Salvador","6126","Valeur","22013","PIB par habitant, ($ PPA internationaux constants de 2011)","2013","2013","I$","6789.9","X","Sources internationales sûres"
"FS","Données de la sécurité alimentaire","225","Émirats arabes unis","6126","Valeur","22013","PIB par habitant, ($ PPA internationaux constants de 2011)","2012","2012","I$","59419.1","X","Sources internationales sûres"
"FS","Données de la sécurité alimentaire","225","Émirats arabes unis","6126","Valeur","22013","PIB par habitant, ($ PPA internationaux constants de 2011)","2013","2013","I$","61688.4","X","Sources internationales sûres"
"FS","Données de la sécurité alimentaire","58","Équateur","6126","Valeur","22013","PIB par habitant, ($ PPA internationaux constants de 2011)","2012","2012","I$","10322.2","X","Sources internationales sûres"
"FS","Données de la sécurité alimentaire","58","Équateur","6126","Valeur","22013","PIB par habitant, ($ PPA internationaux constants de 2011)","2013","2013","I$","10665.5","X","Sources internationales sûres"
"FS","Données de la sécurité alimentaire","203","Espagne","6126","Valeur","22013","PIB par habitant, ($ PPA internationaux constants de 2011)","2012","2012","I$","31109.2","X","Sources internationales sûres"
"FS","Données de la sécurité alimentaire","203","Espagne","6126","Valeur","22013","PIB par habitant, ($ PPA internationaux constants de 2011)","2013","2013","I$","30678.9","X","Sources internationales sûres"
"FS","Données de la sécurité alimentaire","63","Estonie","6126","Valeur","22013","PIB par habitant, ($ PPA internationaux constants de 2011)","2012","2012","I$","25692","X","Sources internationales sûres"
"FS","Données de la sécurité alimentaire","63","Estonie","6126","Valeur","22013","PIB par habitant, ($ PPA internationaux constants de 2011)","2013","2013","I$","26282.9","X","Sources internationales sûres"
"FS","Données de la sécurité alimentaire","209","Eswatini","6126","Valeur","22013","PIB par habitant, ($ PPA internationaux constants de 2011)","2012","2012","I$","7528.8","X","Sources internationales sûres"
"FS","Données de la sécurité alimentaire","209","Eswatini","6126","Valeur","22013","PIB par habitant, ($ PPA internationaux constants de 2011)","2013","2013","I$","7865.4","X","Sources internationales sûres"
"FS","Données de la sécurité alimentaire","231","États-Unis d'Amérique","6126","Valeur","22013","PIB par habitant, ($ PPA internationaux constants de 2011)","2012","2012","I$","50520.3","X","Sources internationales sûres"
"FS","Données de la sécurité alimentaire","231","États-Unis d'Amérique","6126","Valeur","22013","PIB par habitant, ($ PPA internationaux constants de 2011)","2013","2013","I$","51003.7","X","Sources internationales sûres"
"FS","Données de la sécurité alimentaire","238","Éthiopie","6126","Valeur","22013","PIB par habitant, ($ PPA internationaux constants de 2011)","2012","2012","I$","1230.6","X","Sources internationales sûres"
"FS","Données de la sécurité alimentaire","238","Éthiopie","6126","Valeur","22013","PIB par habitant, ($ PPA internationaux constants de 2011)","2013","2013","I$","1325.8","X","Sources internationales sûres"
"FS","Données de la sécurité alimentaire","185","Fédération de Russie","6126","Valeur","22013","PIB par habitant, ($ PPA internationaux constants de 2011)","2012","2012","I$","25156.4","X","Sources internationales sûres"
"FS","Données de la sécurité alimentaire","185","Fédération de Russie","6126","Valeur","22013","PIB par habitant, ($ PPA internationaux constants de 2011)","2013","2013","I$","25551.1","X","Sources internationales sûres"
"FS","Données de la sécurité alimentaire","66","Fidji","6126","Valeur","22013","PIB par habitant, ($ PPA internationaux constants de 2011)","2012","2012","I$","7537.9","X","Sources internationales sûres"
"FS","Données de la sécurité alimentaire","66","Fidji","6126","Valeur","22013","PIB par habitant, ($ PPA internationaux constants de 2011)","2013","2013","I$","7839.9","X","Sources internationales sûres"
"FS","Données de la sécurité alimentaire","67","Finlande","6126","Valeur","22013","PIB par habitant, ($ PPA internationaux constants de 2011)","2012","2012","I$","39912.9","X","Sources internationales sûres"
"FS","Données de la sécurité alimentaire","67","Finlande","6126","Valeur","22013","PIB par habitant, ($ PPA internationaux constants de 2011)","2013","2013","I$","39428.3","X","Sources internationales sûres"
"FS","Données de la sécurité alimentaire","68","France","6126","Valeur","22013","PIB par habitant, ($ PPA internationaux constants de 2011)","2012","2012","I$","37327.9","X","Sources internationales sûres"
"FS","Données de la sécurité alimentaire","68","France","6126","Valeur","22013","PIB par habitant, ($ PPA internationaux constants de 2011)","2013","2013","I$","37350.3","X","Sources internationales sûres"
"FS","Données de la sécurité alimentaire","74","Gabon","6126","Valeur","22013","PIB par habitant, ($ PPA internationaux constants de 2011)","2012","2012","I$","16159.7","X","Sources internationales sûres"
"FS","Données de la sécurité alimentaire","74","Gabon","6126","Valeur","22013","PIB par habitant, ($ PPA internationaux constants de 2011)","2013","2013","I$","16503.1","X","Sources internationales sûres"
"FS","Données de la sécurité alimentaire","75","Gambie","6126","Valeur","22013","PIB par habitant, ($ PPA internationaux constants de 2011)","2012","2012","I$","1560.3","X","Sources internationales sûres"
"FS","Données de la sécurité alimentaire","75","Gambie","6126","Valeur","22013","PIB par habitant, ($ PPA internationaux constants de 2011)","2013","2013","I$","1584.8","X","Sources internationales sûres"
"FS","Données de la sécurité alimentaire","73","Géorgie","6126","Valeur","22013","PIB par habitant, ($ PPA internationaux constants de 2011)","2012","2012","I$","7881.3","X","Sources internationales sûres"
"FS","Données de la sécurité alimentaire","73","Géorgie","6126","Valeur","22013","PIB par habitant, ($ PPA internationaux constants de 2011)","2013","2013","I$","8254","X","Sources internationales sûres"
"FS","Données de la sécurité alimentaire","81","Ghana","6126","Valeur","22013","PIB par habitant, ($ PPA internationaux constants de 2011)","2012","2012","I$","3632.4","X","Sources internationales sûres"
"FS","Données de la sécurité alimentaire","81","Ghana","6126","Valeur","22013","PIB par habitant, ($ PPA internationaux constants de 2011)","2013","2013","I$","3807.3","X","Sources internationales sûres"
"FS","Données de la sécurité alimentaire","84","Grèce","6126","Valeur","22013","PIB par habitant, ($ PPA internationaux constants de 2011)","2012","2012","I$","24364.3","X","Sources internationales sûres"
"FS","Données de la sécurité alimentaire","84","Grèce","6126","Valeur","22013","PIB par habitant, ($ PPA internationaux constants de 2011)","2013","2013","I$","23746.1","X","Sources internationales sûres"
"FS","Données de la sécurité alimentaire","86","Grenade","6126","Valeur","22013","PIB par habitant, ($ PPA internationaux constants de 2011)","2012","2012","I$","11048.5","X","Sources internationales sûres"
"FS","Données de la sécurité alimentaire","86","Grenade","6126","Valeur","22013","PIB par habitant, ($ PPA internationaux constants de 2011)","2013","2013","I$","11262.7","X","Sources internationales sûres"
"FS","Données de la sécurité alimentaire","89","Guatemala","6126","Valeur","22013","PIB par habitant, ($ PPA internationaux constants de 2011)","2012","2012","I$","6899.1","X","Sources internationales sûres"
"FS","Données de la sécurité alimentaire","89","Guatemala","6126","Valeur","22013","PIB par habitant, ($ PPA internationaux constants de 2011)","2013","2013","I$","7005","X","Sources internationales sûres"
"FS","Données de la sécurité alimentaire","90","Guinée","6126","Valeur","22013","PIB par habitant, ($ PPA internationaux constants de 2011)","2012","2012","I$","1684.2","X","Sources internationales sûres"
"FS","Données de la sécurité alimentaire","90","Guinée","6126","Valeur","22013","PIB par habitant, ($ PPA internationaux constants de 2011)","2013","2013","I$","1711.7","X","Sources internationales sûres"
"FS","Données de la sécurité alimentaire","61","Guinée équatoriale","6126","Valeur","22013","PIB par habitant, ($ PPA internationaux constants de 2011)","2012","2012","I$","35632","X","Sources internationales sûres"
"FS","Données de la sécurité alimentaire","61","Guinée équatoriale","6126","Valeur","22013","PIB par habitant, ($ PPA internationaux constants de 2011)","2013","2013","I$","32736.1","X","Sources internationales sûres"
"FS","Données de la sécurité alimentaire","175","Guinée-Bissau","6126","Valeur","22013","PIB par habitant, ($ PPA internationaux constants de 2011)","2012","2012","I$","1413","X","Sources internationales sûres"
"FS","Données de la sécurité alimentaire","175","Guinée-Bissau","6126","Valeur","22013","PIB par habitant, ($ PPA internationaux constants de 2011)","2013","2013","I$","1421.3","X","Sources internationales sûres"
"FS","Données de la sécurité alimentaire","91","Guyana","6126","Valeur","22013","PIB par habitant, ($ PPA internationaux constants de 2011)","2012","2012","I$","6420.1","X","Sources internationales sûres"
"FS","Données de la sécurité alimentaire","91","Guyana","6126","Valeur","22013","PIB par habitant, ($ PPA internationaux constants de 2011)","2013","2013","I$","6696.8","X","Sources internationales sûres"
"FS","Données de la sécurité alimentaire","93","Haïti","6126","Valeur","22013","PIB par habitant, ($ PPA internationaux constants de 2011)","2012","2012","I$","1584.8","X","Sources internationales sûres"
"FS","Données de la sécurité alimentaire","93","Haïti","6126","Valeur","22013","PIB par habitant, ($ PPA internationaux constants de 2011)","2013","2013","I$","1629.4","X","Sources internationales sûres"
"FS","Données de la sécurité alimentaire","95","Honduras","6126","Valeur","22013","PIB par habitant, ($ PPA internationaux constants de 2011)","2012","2012","I$","4136.8","X","Sources internationales sûres"
"FS","Données de la sécurité alimentaire","95","Honduras","6126","Valeur","22013","PIB par habitant, ($ PPA internationaux constants de 2011)","2013","2013","I$","4177.6","X","Sources internationales sûres"
"FS","Données de la sécurité alimentaire","97","Hongrie","6126","Valeur","22013","PIB par habitant, ($ PPA internationaux constants de 2011)","2012","2012","I$","22582.1","X","Sources internationales sûres"
"FS","Données de la sécurité alimentaire","97","Hongrie","6126","Valeur","22013","PIB par habitant, ($ PPA internationaux constants de 2011)","2013","2013","I$","23119","X","Sources internationales sûres"
"FS","Données de la sécurité alimentaire","127","Îles Marshall","6126","Valeur","22013","PIB par habitant, ($ PPA internationaux constants de 2011)","2012","2012","I$","3626.4","X","Sources internationales sûres"
"FS","Données de la sécurité alimentaire","127","Îles Marshall","6126","Valeur","22013","PIB par habitant, ($ PPA internationaux constants de 2011)","2013","2013","I$","3721","X","Sources internationales sûres"
"FS","Données de la sécurité alimentaire","25","Îles Salomon","6126","Valeur","22013","PIB par habitant, ($ PPA internationaux constants de 2011)","2012","2012","I$","2119.5","X","Sources internationales sûres"
"FS","Données de la sécurité alimentaire","25","Îles Salomon","6126","Valeur","22013","PIB par habitant, ($ PPA internationaux constants de 2011)","2013","2013","I$","2137","X","Sources internationales sûres"
"FS","Données de la sécurité alimentaire","100","Inde","6126","Valeur","22013","PIB par habitant, ($ PPA internationaux constants de 2011)","2012","2012","I$","4827.6","X","Sources internationales sûres"
"FS","Données de la sécurité alimentaire","100","Inde","6126","Valeur","22013","PIB par habitant, ($ PPA internationaux constants de 2011)","2013","2013","I$","5073.6","X","Sources internationales sûres"
"FS","Données de la sécurité alimentaire","101","Indonésie","6126","Valeur","22013","PIB par habitant, ($ PPA internationaux constants de 2011)","2012","2012","I$","9251.2","X","Sources internationales sûres"
"FS","Données de la sécurité alimentaire","101","Indonésie","6126","Valeur","22013","PIB par habitant, ($ PPA internationaux constants de 2011)","2013","2013","I$","9643.3","X","Sources internationales sûres"
"FS","Données de la sécurité alimentaire","102","Iran (République islamique d')","6126","Valeur","22013","PIB par habitant, ($ PPA internationaux constants de 2011)","2012","2012","I$","16625.9","X","Sources internationales sûres"
"FS","Données de la sécurité alimentaire","102","Iran (République islamique d')","6126","Valeur","22013","PIB par habitant, ($ PPA internationaux constants de 2011)","2013","2013","I$","16383.3","X","Sources internationales sûres"
"FS","Données de la sécurité alimentaire","103","Iraq","6126","Valeur","22013","PIB par habitant, ($ PPA internationaux constants de 2011)","2012","2012","I$","14626","X","Sources internationales sûres"
"FS","Données de la sécurité alimentaire","103","Iraq","6126","Valeur","22013","PIB par habitant, ($ PPA internationaux constants de 2011)","2013","2013","I$","15223.6","X","Sources internationales sûres"
"FS","Données de la sécurité alimentaire","104","Irlande","6126","Valeur","22013","PIB par habitant, ($ PPA internationaux constants de 2011)","2012","2012","I$","44973.2","X","Sources internationales sûres"
"FS","Données de la sécurité alimentaire","104","Irlande","6126","Valeur","22013","PIB par habitant, ($ PPA internationaux constants de 2011)","2013","2013","I$","45470.2","X","Sources internationales sûres"
"FS","Données de la sécurité alimentaire","99","Islande","6126","Valeur","22013","PIB par habitant, ($ PPA internationaux constants de 2011)","2012","2012","I$","39931.6","X","Sources internationales sûres"
"FS","Données de la sécurité alimentaire","99","Islande","6126","Valeur","22013","PIB par habitant, ($ PPA internationaux constants de 2011)","2013","2013","I$","41259.8","X","Sources internationales sûres"
"FS","Données de la sécurité alimentaire","105","Israël","6126","Valeur","22013","PIB par habitant, ($ PPA internationaux constants de 2011)","2012","2012","I$","30582.2","X","Sources internationales sûres"
"FS","Données de la sécurité alimentaire","105","Israël","6126","Valeur","22013","PIB par habitant, ($ PPA internationaux constants de 2011)","2013","2013","I$","31250.8","X","Sources internationales sûres"
"FS","Données de la sécurité alimentaire","106","Italie","6126","Valeur","22013","PIB par habitant, ($ PPA internationaux constants de 2011)","2012","2012","I$","35227.6","X","Sources internationales sûres"
"FS","Données de la sécurité alimentaire","106","Italie","6126","Valeur","22013","PIB par habitant, ($ PPA internationaux constants de 2011)","2013","2013","I$","34219.8","X","Sources internationales sûres"
"FS","Données de la sécurité alimentaire","109","Jamaïque","6126","Valeur","22013","PIB par habitant, ($ PPA internationaux constants de 2011)","2012","2012","I$","8016","X","Sources internationales sûres"
"FS","Données de la sécurité alimentaire","109","Jamaïque","6126","Valeur","22013","PIB par habitant, ($ PPA internationaux constants de 2011)","2013","2013","I$","8025.5","X","Sources internationales sûres"
"FS","Données de la sécurité alimentaire","110","Japon","6126","Valeur","22013","PIB par habitant, ($ PPA internationaux constants de 2011)","2012","2012","I$","36367.6","X","Sources internationales sûres"
"FS","Données de la sécurité alimentaire","110","Japon","6126","Valeur","22013","PIB par habitant, ($ PPA internationaux constants de 2011)","2013","2013","I$","37148.6","X","Sources internationales sûres"
"FS","Données de la sécurité alimentaire","112","Jordanie","6126","Valeur","22013","PIB par habitant, ($ PPA internationaux constants de 2011)","2012","2012","I$","8964.3","X","Sources internationales sûres"
"FS","Données de la sécurité alimentaire","112","Jordanie","6126","Valeur","22013","PIB par habitant, ($ PPA internationaux constants de 2011)","2013","2013","I$","8756.7","X","Sources internationales sûres"
"FS","Données de la sécurité alimentaire","108","Kazakhstan","6126","Valeur","22013","PIB par habitant, ($ PPA internationaux constants de 2011)","2012","2012","I$","21986.3","X","Sources internationales sûres"
"FS","Données de la sécurité alimentaire","108","Kazakhstan","6126","Valeur","22013","PIB par habitant, ($ PPA internationaux constants de 2011)","2013","2013","I$","22972.4","X","Sources internationales sûres"
"FS","Données de la sécurité alimentaire","114","Kenya","6126","Valeur","22013","PIB par habitant, ($ PPA internationaux constants de 2011)","2012","2012","I$","2602.6","X","Sources internationales sûres"
"FS","Données de la sécurité alimentaire","114","Kenya","6126","Valeur","22013","PIB par habitant, ($ PPA internationaux constants de 2011)","2013","2013","I$","2683","X","Sources internationales sûres"
"FS","Données de la sécurité alimentaire","113","Kirghizistan","6126","Valeur","22013","PIB par habitant, ($ PPA internationaux constants de 2011)","2012","2012","I$","2869.8","X","Sources internationales sûres"
"FS","Données de la sécurité alimentaire","113","Kirghizistan","6126","Valeur","22013","PIB par habitant, ($ PPA internationaux constants de 2011)","2013","2013","I$","3120.5","X","Sources internationales sûres"
"FS","Données de la sécurité alimentaire","83","Kiribati","6126","Valeur","22013","PIB par habitant, ($ PPA internationaux constants de 2011)","2012","2012","I$","1762.1","X","Sources internationales sûres"
"FS","Données de la sécurité alimentaire","83","Kiribati","6126","Valeur","22013","PIB par habitant, ($ PPA internationaux constants de 2011)","2013","2013","I$","1830.9","X","Sources internationales sûres"
"FS","Données de la sécurité alimentaire","118","Koweït","6126","Valeur","22013","PIB par habitant, ($ PPA internationaux constants de 2011)","2012","2012","I$","77618","X","Sources internationales sûres"
"FS","Données de la sécurité alimentaire","118","Koweït","6126","Valeur","22013","PIB par habitant, ($ PPA internationaux constants de 2011)","2013","2013","I$","74084.5","X","Sources internationales sûres"
"FS","Données de la sécurité alimentaire","122","Lesotho","6126","Valeur","22013","PIB par habitant, ($ PPA internationaux constants de 2011)","2012","2012","I$","2617.3","X","Sources internationales sûres"
"FS","Données de la sécurité alimentaire","122","Lesotho","6126","Valeur","22013","PIB par habitant, ($ PPA internationaux constants de 2011)","2013","2013","I$","2631","X","Sources internationales sûres"
"FS","Données de la sécurité alimentaire","119","Lettonie","6126","Valeur","22013","PIB par habitant, ($ PPA internationaux constants de 2011)","2012","2012","I$","20827.9","X","Sources internationales sûres"
"FS","Données de la sécurité alimentaire","119","Lettonie","6126","Valeur","22013","PIB par habitant, ($ PPA internationaux constants de 2011)","2013","2013","I$","21563.7","X","Sources internationales sûres"
"FS","Données de la sécurité alimentaire","154","Macédoine du Nord","6126","Valeur","22013","PIB par habitant, ($ PPA internationaux constants de 2011)","2012","2012","I$","11549.7","X","Sources internationales sûres"
"FS","Données de la sécurité alimentaire","154","Macédoine du Nord","6126","Valeur","22013","PIB par habitant, ($ PPA internationaux constants de 2011)","2013","2013","I$","11877.8","X","Sources internationales sûres"
"FS","Données de la sécurité alimentaire","121","Liban","6126","Valeur","22013","PIB par habitant, ($ PPA internationaux constants de 2011)","2012","2012","I$","15057.3","X","Sources internationales sûres"
"FS","Données de la sécurité alimentaire","121","Liban","6126","Valeur","22013","PIB par habitant, ($ PPA internationaux constants de 2011)","2013","2013","I$","14400.6","X","Sources internationales sûres"
"FS","Données de la sécurité alimentaire","123","Libéria","6126","Valeur","22013","PIB par habitant, ($ PPA internationaux constants de 2011)","2012","2012","I$","771.9","X","Sources internationales sûres"
"FS","Données de la sécurité alimentaire","123","Libéria","6126","Valeur","22013","PIB par habitant, ($ PPA internationaux constants de 2011)","2013","2013","I$","818.6","X","Sources internationales sûres"
"FS","Données de la sécurité alimentaire","124","Libye","6126","Valeur","22013","PIB par habitant, ($ PPA internationaux constants de 2011)","2012","2012","I$","24956.4","X","Sources internationales sûres"
"FS","Données de la sécurité alimentaire","124","Libye","6126","Valeur","22013","PIB par habitant, ($ PPA internationaux constants de 2011)","2013","2013","I$","21570.3","X","Sources internationales sûres"
"FS","Données de la sécurité alimentaire","126","Lituanie","6126","Valeur","22013","PIB par habitant, ($ PPA internationaux constants de 2011)","2012","2012","I$","24049.4","X","Sources internationales sûres"
"FS","Données de la sécurité alimentaire","126","Lituanie","6126","Valeur","22013","PIB par habitant, ($ PPA internationaux constants de 2011)","2013","2013","I$","25143.9","X","Sources internationales sûres"
"FS","Données de la sécurité alimentaire","256","Luxembourg","6126","Valeur","22013","PIB par habitant, ($ PPA internationaux constants de 2011)","2012","2012","I$","89505.2","X","Sources internationales sûres"
"FS","Données de la sécurité alimentaire","256","Luxembourg","6126","Valeur","22013","PIB par habitant, ($ PPA internationaux constants de 2011)","2013","2013","I$","90656.4","X","Sources internationales sûres"
"FS","Données de la sécurité alimentaire","129","Madagascar","6126","Valeur","22013","PIB par habitant, ($ PPA internationaux constants de 2011)","2012","2012","I$","1371","X","Sources internationales sûres"
"FS","Données de la sécurité alimentaire","129","Madagascar","6126","Valeur","22013","PIB par habitant, ($ PPA internationaux constants de 2011)","2013","2013","I$","1364.3","X","Sources internationales sûres"
"FS","Données de la sécurité alimentaire","131","Malaisie","6126","Valeur","22013","PIB par habitant, ($ PPA internationaux constants de 2011)","2012","2012","I$","22590.8","X","Sources internationales sûres"
"FS","Données de la sécurité alimentaire","131","Malaisie","6126","Valeur","22013","PIB par habitant, ($ PPA internationaux constants de 2011)","2013","2013","I$","23224.2","X","Sources internationales sûres"
"FS","Données de la sécurité alimentaire","130","Malawi","6126","Valeur","22013","PIB par habitant, ($ PPA internationaux constants de 2011)","2012","2012","I$","1039.8","X","Sources internationales sûres"
"FS","Données de la sécurité alimentaire","130","Malawi","6126","Valeur","22013","PIB par habitant, ($ PPA internationaux constants de 2011)","2013","2013","I$","1062.2","X","Sources internationales sûres"
"FS","Données de la sécurité alimentaire","132","Maldives","6126","Valeur","22013","PIB par habitant, ($ PPA internationaux constants de 2011)","2012","2012","I$","12611.6","X","Sources internationales sûres"
"FS","Données de la sécurité alimentaire","132","Maldives","6126","Valeur","22013","PIB par habitant, ($ PPA internationaux constants de 2011)","2013","2013","I$","13148.7","X","Sources internationales sûres"
"FS","Données de la sécurité alimentaire","133","Mali","6126","Valeur","22013","PIB par habitant, ($ PPA internationaux constants de 2011)","2012","2012","I$","1804.9","X","Sources internationales sûres"
"FS","Données de la sécurité alimentaire","133","Mali","6126","Valeur","22013","PIB par habitant, ($ PPA internationaux constants de 2011)","2013","2013","I$","1793.7","X","Sources internationales sûres"
"FS","Données de la sécurité alimentaire","134","Malte","6126","Valeur","22013","PIB par habitant, ($ PPA internationaux constants de 2011)","2012","2012","I$","29131.7","X","Sources internationales sûres"
"FS","Données de la sécurité alimentaire","134","Malte","6126","Valeur","22013","PIB par habitant, ($ PPA internationaux constants de 2011)","2013","2013","I$","30050.1","X","Sources internationales sûres"
"FS","Données de la sécurité alimentaire","143","Maroc","6126","Valeur","22013","PIB par habitant, ($ PPA internationaux constants de 2011)","2012","2012","I$","6791.3","X","Sources internationales sûres"
"FS","Données de la sécurité alimentaire","143","Maroc","6126","Valeur","22013","PIB par habitant, ($ PPA internationaux constants de 2011)","2013","2013","I$","6995.9","X","Sources internationales sûres"
"FS","Données de la sécurité alimentaire","137","Maurice","6126","Valeur","22013","PIB par habitant, ($ PPA internationaux constants de 2011)","2012","2012","I$","17093.3","X","Sources internationales sûres"
"FS","Données de la sécurité alimentaire","137","Maurice","6126","Valeur","22013","PIB par habitant, ($ PPA internationaux constants de 2011)","2013","2013","I$","17628.8","X","Sources internationales sûres"
"FS","Données de la sécurité alimentaire","136","Mauritanie","6126","Valeur","22013","PIB par habitant, ($ PPA internationaux constants de 2011)","2012","2012","I$","3462.6","X","Sources internationales sûres"
"FS","Données de la sécurité alimentaire","136","Mauritanie","6126","Valeur","22013","PIB par habitant, ($ PPA internationaux constants de 2011)","2013","2013","I$","3565.5","X","Sources internationales sûres"
"FS","Données de la sécurité alimentaire","138","Mexique","6126","Valeur","22013","PIB par habitant, ($ PPA internationaux constants de 2011)","2012","2012","I$","16394.6","X","Sources internationales sûres"
"FS","Données de la sécurité alimentaire","138","Mexique","6126","Valeur","22013","PIB par habitant, ($ PPA internationaux constants de 2011)","2013","2013","I$","16385.1","X","Sources internationales sûres"
"FS","Données de la sécurité alimentaire","145","Micronésie (États fédérés de)","6126","Valeur","22013","PIB par habitant, ($ PPA internationaux constants de 2011)","2012","2012","I$","3343.9","X","Sources internationales sûres"
"FS","Données de la sécurité alimentaire","145","Micronésie (États fédérés de)","6126","Valeur","22013","PIB par habitant, ($ PPA internationaux constants de 2011)","2013","2013","I$","3208.7","X","Sources internationales sûres"
"FS","Données de la sécurité alimentaire","141","Mongolie","6126","Valeur","22013","PIB par habitant, ($ PPA internationaux constants de 2011)","2012","2012","I$","9788.8","X","Sources internationales sûres"
"FS","Données de la sécurité alimentaire","141","Mongolie","6126","Valeur","22013","PIB par habitant, ($ PPA internationaux constants de 2011)","2013","2013","I$","10720.1","X","Sources internationales sûres"
"FS","Données de la sécurité alimentaire","273","Monténégro","6126","Valeur","22013","PIB par habitant, ($ PPA internationaux constants de 2011)","2012","2012","I$","14066.4","X","Sources internationales sûres"
"FS","Données de la sécurité alimentaire","273","Monténégro","6126","Valeur","22013","PIB par habitant, ($ PPA internationaux constants de 2011)","2013","2013","I$","14551.4","X","Sources internationales sûres"
"FS","Données de la sécurité alimentaire","144","Mozambique","6126","Valeur","22013","PIB par habitant, ($ PPA internationaux constants de 2011)","2012","2012","I$","994.1","X","Sources internationales sûres"
"FS","Données de la sécurité alimentaire","144","Mozambique","6126","Valeur","22013","PIB par habitant, ($ PPA internationaux constants de 2011)","2013","2013","I$","1034.6","X","Sources internationales sûres"
"FS","Données de la sécurité alimentaire","28","Myanmar","6126","Valeur","22013","PIB par habitant, ($ PPA internationaux constants de 2011)","2012","2012","I$","4148.7","X","Sources internationales sûres"
"FS","Données de la sécurité alimentaire","28","Myanmar","6126","Valeur","22013","PIB par habitant, ($ PPA internationaux constants de 2011)","2013","2013","I$","4457.9","X","Sources internationales sûres"
"FS","Données de la sécurité alimentaire","148","Nauru","6126","Valeur","22013","PIB par habitant, ($ PPA internationaux constants de 2011)","2012","2012","I$","7905.1","X","Sources internationales sûres"
"FS","Données de la sécurité alimentaire","148","Nauru","6126","Valeur","22013","PIB par habitant, ($ PPA internationaux constants de 2011)","2013","2013","I$","10078.4","X","Sources internationales sûres"
"FS","Données de la sécurité alimentaire","149","Népal","6126","Valeur","22013","PIB par habitant, ($ PPA internationaux constants de 2011)","2012","2012","I$","2103.4","X","Sources internationales sûres"
"FS","Données de la sécurité alimentaire","149","Népal","6126","Valeur","22013","PIB par habitant, ($ PPA internationaux constants de 2011)","2013","2013","I$","2164","X","Sources internationales sûres"
"FS","Données de la sécurité alimentaire","157","Nicaragua","6126","Valeur","22013","PIB par habitant, ($ PPA internationaux constants de 2011)","2012","2012","I$","4453.3","X","Sources internationales sûres"
"FS","Données de la sécurité alimentaire","157","Nicaragua","6126","Valeur","22013","PIB par habitant, ($ PPA internationaux constants de 2011)","2013","2013","I$","4618.7","X","Sources internationales sûres"
"FS","Données de la sécurité alimentaire","158","Niger","6126","Valeur","22013","PIB par habitant, ($ PPA internationaux constants de 2011)","2012","2012","I$","862.9","X","Sources internationales sûres"
"FS","Données de la sécurité alimentaire","158","Niger","6126","Valeur","22013","PIB par habitant, ($ PPA internationaux constants de 2011)","2013","2013","I$","874.1","X","Sources internationales sûres"
"FS","Données de la sécurité alimentaire","159","Nigéria","6126","Valeur","22013","PIB par habitant, ($ PPA internationaux constants de 2011)","2012","2012","I$","5339.5","X","Sources internationales sûres"
"FS","Données de la sécurité alimentaire","159","Nigéria","6126","Valeur","22013","PIB par habitant, ($ PPA internationaux constants de 2011)","2013","2013","I$","5479.1","X","Sources internationales sûres"
"FS","Données de la sécurité alimentaire","162","Norvège","6126","Valeur","22013","PIB par habitant, ($ PPA internationaux constants de 2011)","2012","2012","I$","63003.4","X","Sources internationales sûres"
"FS","Données de la sécurité alimentaire","162","Norvège","6126","Valeur","22013","PIB par habitant, ($ PPA internationaux constants de 2011)","2013","2013","I$","62896.3","X","Sources internationales sûres"
"FS","Données de la sécurité alimentaire","156","Nouvelle-Zélande","6126","Valeur","22013","PIB par habitant, ($ PPA internationaux constants de 2011)","2012","2012","I$","33369.3","X","Sources internationales sûres"
"FS","Données de la sécurité alimentaire","156","Nouvelle-Zélande","6126","Valeur","22013","PIB par habitant, ($ PPA internationaux constants de 2011)","2013","2013","I$","33782.1","X","Sources internationales sûres"
"FS","Données de la sécurité alimentaire","221","Oman","6126","Valeur","22013","PIB par habitant, ($ PPA internationaux constants de 2011)","2012","2012","I$","43030.2","X","Sources internationales sûres"
"FS","Données de la sécurité alimentaire","221","Oman","6126","Valeur","22013","PIB par habitant, ($ PPA internationaux constants de 2011)","2013","2013","I$","41924.8","X","Sources internationales sûres"
"FS","Données de la sécurité alimentaire","226","Ouganda","6126","Valeur","22013","PIB par habitant, ($ PPA internationaux constants de 2011)","2012","2012","I$","1608.4","X","Sources internationales sûres"
"FS","Données de la sécurité alimentaire","226","Ouganda","6126","Valeur","22013","PIB par habitant, ($ PPA internationaux constants de 2011)","2013","2013","I$","1610.8","X","Sources internationales sûres"
"FS","Données de la sécurité alimentaire","235","Ouzbékistan","6126","Valeur","22013","PIB par habitant, ($ PPA internationaux constants de 2011)","2012","2012","I$","4765.9","X","Sources internationales sûres"
"FS","Données de la sécurité alimentaire","235","Ouzbékistan","6126","Valeur","22013","PIB par habitant, ($ PPA internationaux constants de 2011)","2013","2013","I$","5067.4","X","Sources internationales sûres"
"FS","Données de la sécurité alimentaire","165","Pakistan","6126","Valeur","22013","PIB par habitant, ($ PPA internationaux constants de 2011)","2012","2012","I$","4367.5","X","Sources internationales sûres"
"FS","Données de la sécurité alimentaire","165","Pakistan","6126","Valeur","22013","PIB par habitant, ($ PPA internationaux constants de 2011)","2013","2013","I$","4464.1","X","Sources internationales sûres"
"FS","Données de la sécurité alimentaire","180","Palaos","6126","Valeur","22013","PIB par habitant, ($ PPA internationaux constants de 2011)","2012","2012","I$","12915.3","X","Sources internationales sûres"
"FS","Données de la sécurité alimentaire","180","Palaos","6126","Valeur","22013","PIB par habitant, ($ PPA internationaux constants de 2011)","2013","2013","I$","12621","X","Sources internationales sûres"
"FS","Données de la sécurité alimentaire","166","Panama","6126","Valeur","22013","PIB par habitant, ($ PPA internationaux constants de 2011)","2012","2012","I$","18441.4","X","Sources internationales sûres"
"FS","Données de la sécurité alimentaire","166","Panama","6126","Valeur","22013","PIB par habitant, ($ PPA internationaux constants de 2011)","2013","2013","I$","19377.9","X","Sources internationales sûres"
"FS","Données de la sécurité alimentaire","168","Papouasie-Nouvelle-Guinée","6126","Valeur","22013","PIB par habitant, ($ PPA internationaux constants de 2011)","2012","2012","I$","3230.3","X","Sources internationales sûres"
"FS","Données de la sécurité alimentaire","168","Papouasie-Nouvelle-Guinée","6126","Valeur","22013","PIB par habitant, ($ PPA internationaux constants de 2011)","2013","2013","I$","3282.5","X","Sources internationales sûres"
"FS","Données de la sécurité alimentaire","169","Paraguay","6126","Valeur","22013","PIB par habitant, ($ PPA internationaux constants de 2011)","2012","2012","I$","7312.4","X","Sources internationales sûres"
"FS","Données de la sécurité alimentaire","169","Paraguay","6126","Valeur","22013","PIB par habitant, ($ PPA internationaux constants de 2011)","2013","2013","I$","8227.2","X","Sources internationales sûres"
"FS","Données de la sécurité alimentaire","150","Pays-Bas","6126","Valeur","22013","PIB par habitant, ($ PPA internationaux constants de 2011)","2012","2012","I$","45411.4","X","Sources internationales sûres"
"FS","Données de la sécurité alimentaire","150","Pays-Bas","6126","Valeur","22013","PIB par habitant, ($ PPA internationaux constants de 2011)","2013","2013","I$","45191.5","X","Sources internationales sûres"
"FS","Données de la sécurité alimentaire","170","Pérou","6126","Valeur","22013","PIB par habitant, ($ PPA internationaux constants de 2011)","2012","2012","I$","10943.9","X","Sources internationales sûres"
"FS","Données de la sécurité alimentaire","170","Pérou","6126","Valeur","22013","PIB par habitant, ($ PPA internationaux constants de 2011)","2013","2013","I$","11430.3","X","Sources internationales sûres"
"FS","Données de la sécurité alimentaire","171","Philippines","6126","Valeur","22013","PIB par habitant, ($ PPA internationaux constants de 2011)","2012","2012","I$","5988.8","X","Sources internationales sûres"
"FS","Données de la sécurité alimentaire","171","Philippines","6126","Valeur","22013","PIB par habitant, ($ PPA internationaux constants de 2011)","2013","2013","I$","6306.7","X","Sources internationales sûres"
"FS","Données de la sécurité alimentaire","173","Pologne","6126","Valeur","22013","PIB par habitant, ($ PPA internationaux constants de 2011)","2012","2012","I$","23218.1","X","Sources internationales sûres"
"FS","Données de la sécurité alimentaire","173","Pologne","6126","Valeur","22013","PIB par habitant, ($ PPA internationaux constants de 2011)","2013","2013","I$","23555.5","X","Sources internationales sûres"
"FS","Données de la sécurité alimentaire","177","Porto Rico","6126","Valeur","22013","PIB par habitant, ($ PPA internationaux constants de 2011)","2012","2012","I$","34622.1","X","Sources internationales sûres"
"FS","Données de la sécurité alimentaire","177","Porto Rico","6126","Valeur","22013","PIB par habitant, ($ PPA internationaux constants de 2011)","2013","2013","I$","34913.6","X","Sources internationales sûres"
"FS","Données de la sécurité alimentaire","174","Portugal","6126","Valeur","22013","PIB par habitant, ($ PPA internationaux constants de 2011)","2012","2012","I$","25805.8","X","Sources internationales sûres"
"FS","Données de la sécurité alimentaire","174","Portugal","6126","Valeur","22013","PIB par habitant, ($ PPA internationaux constants de 2011)","2013","2013","I$","25654.6","X","Sources internationales sûres"
"FS","Données de la sécurité alimentaire","179","Qatar","6126","Valeur","22013","PIB par habitant, ($ PPA internationaux constants de 2011)","2012","2012","I$","125302","X","Sources internationales sûres"
"FS","Données de la sécurité alimentaire","179","Qatar","6126","Valeur","22013","PIB par habitant, ($ PPA internationaux constants de 2011)","2013","2013","I$","122637","X","Sources internationales sûres"
"FS","Données de la sécurité alimentaire","37","République centrafricaine","6126","Valeur","22013","PIB par habitant, ($ PPA internationaux constants de 2011)","2012","2012","I$","938.8","X","Sources internationales sûres"
"FS","Données de la sécurité alimentaire","37","République centrafricaine","6126","Valeur","22013","PIB par habitant, ($ PPA internationaux constants de 2011)","2013","2013","I$","593.1","X","Sources internationales sûres"
"FS","Données de la sécurité alimentaire","117","République de Corée","6126","Valeur","22013","PIB par habitant, ($ PPA internationaux constants de 2011)","2012","2012","I$","31776.9","X","Sources internationales sûres"
"FS","Données de la sécurité alimentaire","117","République de Corée","6126","Valeur","22013","PIB par habitant, ($ PPA internationaux constants de 2011)","2013","2013","I$","32548.7","X","Sources internationales sûres"
"FS","Données de la sécurité alimentaire","146","République de Moldova","6126","Valeur","22013","PIB par habitant, ($ PPA internationaux constants de 2011)","2012","2012","I$","4150.5","X","Sources internationales sûres"
"FS","Données de la sécurité alimentaire","146","République de Moldova","6126","Valeur","22013","PIB par habitant, ($ PPA internationaux constants de 2011)","2013","2013","I$","4541.9","X","Sources internationales sûres"
"FS","Données de la sécurité alimentaire","250","République démocratique du Congo","6126","Valeur","22013","PIB par habitant, ($ PPA internationaux constants de 2011)","2012","2012","I$","706.8","X","Sources internationales sûres"
"FS","Données de la sécurité alimentaire","250","République démocratique du Congo","6126","Valeur","22013","PIB par habitant, ($ PPA internationaux constants de 2011)","2013","2013","I$","741.6","X","Sources internationales sûres"
"FS","Données de la sécurité alimentaire","120","République démocratique populaire lao","6126","Valeur","22013","PIB par habitant, ($ PPA internationaux constants de 2011)","2012","2012","I$","4794.1","X","Sources internationales sûres"
"FS","Données de la sécurité alimentaire","120","République démocratique populaire lao","6126","Valeur","22013","PIB par habitant, ($ PPA internationaux constants de 2011)","2013","2013","I$","5115.6","X","Sources internationales sûres"
"FS","Données de la sécurité alimentaire","56","République dominicaine","6126","Valeur","22013","PIB par habitant, ($ PPA internationaux constants de 2011)","2012","2012","I$","11494.9","X","Sources internationales sûres"
"FS","Données de la sécurité alimentaire","56","République dominicaine","6126","Valeur","22013","PIB par habitant, ($ PPA internationaux constants de 2011)","2013","2013","I$","11907.2","X","Sources internationales sûres"
"FS","Données de la sécurité alimentaire","215","République-Unie de Tanzanie","6126","Valeur","22013","PIB par habitant, ($ PPA internationaux constants de 2011)","2012","2012","I$","2227.8","X","Sources internationales sûres"
"FS","Données de la sécurité alimentaire","215","République-Unie de Tanzanie","6126","Valeur","22013","PIB par habitant, ($ PPA internationaux constants de 2011)","2013","2013","I$","2316.4","X","Sources internationales sûres"
"FS","Données de la sécurité alimentaire","183","Roumanie","6126","Valeur","22013","PIB par habitant, ($ PPA internationaux constants de 2011)","2012","2012","I$","18302","X","Sources internationales sûres"
"FS","Données de la sécurité alimentaire","183","Roumanie","6126","Valeur","22013","PIB par habitant, ($ PPA internationaux constants de 2011)","2013","2013","I$","19018.9","X","Sources internationales sûres"
"FS","Données de la sécurité alimentaire","229","Royaume-Uni","6126","Valeur","22013","PIB par habitant, ($ PPA internationaux constants de 2011)","2012","2012","I$","36892.9","X","Sources internationales sûres"
"FS","Données de la sécurité alimentaire","229","Royaume-Uni","6126","Valeur","22013","PIB par habitant, ($ PPA internationaux constants de 2011)","2013","2013","I$","37398.8","X","Sources internationales sûres"
"FS","Données de la sécurité alimentaire","184","Rwanda","6126","Valeur","22013","PIB par habitant, ($ PPA internationaux constants de 2011)","2012","2012","I$","1521.6","X","Sources internationales sûres"
"FS","Données de la sécurité alimentaire","184","Rwanda","6126","Valeur","22013","PIB par habitant, ($ PPA internationaux constants de 2011)","2013","2013","I$","1552.8","X","Sources internationales sûres"
"FS","Données de la sécurité alimentaire","189","Sainte-Lucie","6126","Valeur","22013","PIB par habitant, ($ PPA internationaux constants de 2011)","2012","2012","I$","12064.8","X","Sources internationales sûres"
"FS","Données de la sécurité alimentaire","189","Sainte-Lucie","6126","Valeur","22013","PIB par habitant, ($ PPA internationaux constants de 2011)","2013","2013","I$","12415.7","X","Sources internationales sûres"
"FS","Données de la sécurité alimentaire","188","Saint-Kitts-et-Nevis","6126","Valeur","22013","PIB par habitant, ($ PPA internationaux constants de 2011)","2012","2012","I$","21319.2","X","Sources internationales sûres"
"FS","Données de la sécurité alimentaire","188","Saint-Kitts-et-Nevis","6126","Valeur","22013","PIB par habitant, ($ PPA internationaux constants de 2011)","2013","2013","I$","22399.1","X","Sources internationales sûres"
"FS","Données de la sécurité alimentaire","191","Saint-Vincent-et-les Grenadines","6126","Valeur","22013","PIB par habitant, ($ PPA internationaux constants de 2011)","2012","2012","I$","10009.1","X","Sources internationales sûres"
"FS","Données de la sécurité alimentaire","191","Saint-Vincent-et-les Grenadines","6126","Valeur","22013","PIB par habitant, ($ PPA internationaux constants de 2011)","2013","2013","I$","10193.3","X","Sources internationales sûres"
"FS","Données de la sécurité alimentaire","244","Samoa","6126","Valeur","22013","PIB par habitant, ($ PPA internationaux constants de 2011)","2012","2012","I$","5644.3","X","Sources internationales sûres"
"FS","Données de la sécurité alimentaire","244","Samoa","6126","Valeur","22013","PIB par habitant, ($ PPA internationaux constants de 2011)","2013","2013","I$","5489.8","X","Sources internationales sûres"
"FS","Données de la sécurité alimentaire","193","Sao Tomé-et-Principe","6126","Valeur","22013","PIB par habitant, ($ PPA internationaux constants de 2011)","2012","2012","I$","2718.2","X","Sources internationales sûres"
"FS","Données de la sécurité alimentaire","193","Sao Tomé-et-Principe","6126","Valeur","22013","PIB par habitant, ($ PPA internationaux constants de 2011)","2013","2013","I$","2785.7","X","Sources internationales sûres"
"FS","Données de la sécurité alimentaire","195","Sénégal","6126","Valeur","22013","PIB par habitant, ($ PPA internationaux constants de 2011)","2012","2012","I$","2187.2","X","Sources internationales sûres"
"FS","Données de la sécurité alimentaire","195","Sénégal","6126","Valeur","22013","PIB par habitant, ($ PPA internationaux constants de 2011)","2013","2013","I$","2196","X","Sources internationales sûres"
"FS","Données de la sécurité alimentaire","272","Serbie","6126","Valeur","22013","PIB par habitant, ($ PPA internationaux constants de 2011)","2012","2012","I$","12898.7","X","Sources internationales sûres"
"FS","Données de la sécurité alimentaire","272","Serbie","6126","Valeur","22013","PIB par habitant, ($ PPA internationaux constants de 2011)","2013","2013","I$","13295","X","Sources internationales sûres"
"FS","Données de la sécurité alimentaire","196","Seychelles","6126","Valeur","22013","PIB par habitant, ($ PPA internationaux constants de 2011)","2012","2012","I$","22618","X","Sources internationales sûres"
"FS","Données de la sécurité alimentaire","196","Seychelles","6126","Valeur","22013","PIB par habitant, ($ PPA internationaux constants de 2011)","2013","2013","I$","23540.4","X","Sources internationales sûres"
"FS","Données de la sécurité alimentaire","197","Sierra Leone","6126","Valeur","22013","PIB par habitant, ($ PPA internationaux constants de 2011)","2012","2012","I$","1402.7","X","Sources internationales sûres"
"FS","Données de la sécurité alimentaire","197","Sierra Leone","6126","Valeur","22013","PIB par habitant, ($ PPA internationaux constants de 2011)","2013","2013","I$","1655.1","X","Sources internationales sûres"
"FS","Données de la sécurité alimentaire","200","Singapour","6126","Valeur","22013","PIB par habitant, ($ PPA internationaux constants de 2011)","2012","2012","I$","76285.6","X","Sources internationales sûres"
"FS","Données de la sécurité alimentaire","200","Singapour","6126","Valeur","22013","PIB par habitant, ($ PPA internationaux constants de 2011)","2013","2013","I$","78896.6","X","Sources internationales sûres"
"FS","Données de la sécurité alimentaire","199","Slovaquie","6126","Valeur","22013","PIB par habitant, ($ PPA internationaux constants de 2011)","2012","2012","I$","26218.5","X","Sources internationales sûres"
"FS","Données de la sécurité alimentaire","199","Slovaquie","6126","Valeur","22013","PIB par habitant, ($ PPA internationaux constants de 2011)","2013","2013","I$","26580.7","X","Sources internationales sûres"
"FS","Données de la sécurité alimentaire","198","Slovénie","6126","Valeur","22013","PIB par habitant, ($ PPA internationaux constants de 2011)","2012","2012","I$","27976.9","X","Sources internationales sûres"
"FS","Données de la sécurité alimentaire","198","Slovénie","6126","Valeur","22013","PIB par habitant, ($ PPA internationaux constants de 2011)","2013","2013","I$","27622.7","X","Sources internationales sûres"
"FS","Données de la sécurité alimentaire","276","Soudan","6126","Valeur","22013","PIB par habitant, ($ PPA internationaux constants de 2011)","2012","2012","I$","4097.1","X","Sources internationales sûres"
"FS","Données de la sécurité alimentaire","276","Soudan","6126","Valeur","22013","PIB par habitant, ($ PPA internationaux constants de 2011)","2013","2013","I$","4177.3","X","Sources internationales sûres"
"FS","Données de la sécurité alimentaire","277","Soudan du Sud","6126","Valeur","22013","PIB par habitant, ($ PPA internationaux constants de 2011)","2012","2012","I$","1550.3","X","Sources internationales sûres"
"FS","Données de la sécurité alimentaire","277","Soudan du Sud","6126","Valeur","22013","PIB par habitant, ($ PPA internationaux constants de 2011)","2013","2013","I$","1940.4","X","Sources internationales sûres"
"FS","Données de la sécurité alimentaire","38","Sri Lanka","6126","Valeur","22013","PIB par habitant, ($ PPA internationaux constants de 2011)","2012","2012","I$","9980","X","Sources internationales sûres"
"FS","Données de la sécurité alimentaire","38","Sri Lanka","6126","Valeur","22013","PIB par habitant, ($ PPA internationaux constants de 2011)","2013","2013","I$","10238.7","X","Sources internationales sûres"
"FS","Données de la sécurité alimentaire","210","Suède","6126","Valeur","22013","PIB par habitant, ($ PPA internationaux constants de 2011)","2012","2012","I$","43308.2","X","Sources internationales sûres"
"FS","Données de la sécurité alimentaire","210","Suède","6126","Valeur","22013","PIB par habitant, ($ PPA internationaux constants de 2011)","2013","2013","I$","43475.8","X","Sources internationales sûres"
"FS","Données de la sécurité alimentaire","211","Suisse","6126","Valeur","22013","PIB par habitant, ($ PPA internationaux constants de 2011)","2012","2012","I$","56149.7","X","Sources internationales sûres"
"FS","Données de la sécurité alimentaire","211","Suisse","6126","Valeur","22013","PIB par habitant, ($ PPA internationaux constants de 2011)","2013","2013","I$","56535.7","X","Sources internationales sûres"
"FS","Données de la sécurité alimentaire","207","Suriname","6126","Valeur","22013","PIB par habitant, ($ PPA internationaux constants de 2011)","2012","2012","I$","15132.3","X","Sources internationales sûres"
"FS","Données de la sécurité alimentaire","207","Suriname","6126","Valeur","22013","PIB par habitant, ($ PPA internationaux constants de 2011)","2013","2013","I$","15419.3","X","Sources internationales sûres"
"FS","Données de la sécurité alimentaire","208","Tadjikistan","6126","Valeur","22013","PIB par habitant, ($ PPA internationaux constants de 2011)","2012","2012","I$","2324.4","X","Sources internationales sûres"
"FS","Données de la sécurité alimentaire","208","Tadjikistan","6126","Valeur","22013","PIB par habitant, ($ PPA internationaux constants de 2011)","2013","2013","I$","2440.6","X","Sources internationales sûres"
"FS","Données de la sécurité alimentaire","39","Tchad","6126","Valeur","22013","PIB par habitant, ($ PPA internationaux constants de 2011)","2012","2012","I$","1962.9","X","Sources internationales sûres"
"FS","Données de la sécurité alimentaire","39","Tchad","6126","Valeur","22013","PIB par habitant, ($ PPA internationaux constants de 2011)","2013","2013","I$","2007.1","X","Sources internationales sûres"
"FS","Données de la sécurité alimentaire","167","Tchéquie (la)","6126","Valeur","22013","PIB par habitant, ($ PPA internationaux constants de 2011)","2012","2012","I$","28527.1","X","Sources internationales sûres"
"FS","Données de la sécurité alimentaire","167","Tchéquie (la)","6126","Valeur","22013","PIB par habitant, ($ PPA internationaux constants de 2011)","2013","2013","I$","28379.7","X","Sources internationales sûres"
"FS","Données de la sécurité alimentaire","299","Territoire palestinien occupé","6126","Valeur","22013","PIB par habitant, ($ PPA internationaux constants de 2011)","2012","2012","I$","4841.8","X","Sources internationales sûres"
"FS","Données de la sécurité alimentaire","299","Territoire palestinien occupé","6126","Valeur","22013","PIB par habitant, ($ PPA internationaux constants de 2011)","2013","2013","I$","4498.3","X","Sources internationales sûres"
"FS","Données de la sécurité alimentaire","216","Thaïlande","6126","Valeur","22013","PIB par habitant, ($ PPA internationaux constants de 2011)","2012","2012","I$","14448.3","X","Sources internationales sûres"
"FS","Données de la sécurité alimentaire","216","Thaïlande","6126","Valeur","22013","PIB par habitant, ($ PPA internationaux constants de 2011)","2013","2013","I$","14771.5","X","Sources internationales sûres"
"FS","Données de la sécurité alimentaire","176","Timor-Leste","6126","Valeur","22013","PIB par habitant, ($ PPA internationaux constants de 2011)","2012","2012","I$","9977.1","X","Sources internationales sûres"
"FS","Données de la sécurité alimentaire","176","Timor-Leste","6126","Valeur","22013","PIB par habitant, ($ PPA internationaux constants de 2011)","2013","2013","I$","8672.5","X","Sources internationales sûres"
"FS","Données de la sécurité alimentaire","217","Togo","6126","Valeur","22013","PIB par habitant, ($ PPA internationaux constants de 2011)","2012","2012","I$","1259.3","X","Sources internationales sûres"
"FS","Données de la sécurité alimentaire","217","Togo","6126","Valeur","22013","PIB par habitant, ($ PPA internationaux constants de 2011)","2013","2013","I$","1275.2","X","Sources internationales sûres"
"FS","Données de la sécurité alimentaire","219","Tonga","6126","Valeur","22013","PIB par habitant, ($ PPA internationaux constants de 2011)","2012","2012","I$","5128.5","X","Sources internationales sûres"
"FS","Données de la sécurité alimentaire","219","Tonga","6126","Valeur","22013","PIB par habitant, ($ PPA internationaux constants de 2011)","2013","2013","I$","4950.7","X","Sources internationales sûres"
"FS","Données de la sécurité alimentaire","220","Trinité-et-Tobago","6126","Valeur","22013","PIB par habitant, ($ PPA internationaux constants de 2011)","2012","2012","I$","31254.8","X","Sources internationales sûres"
"FS","Données de la sécurité alimentaire","220","Trinité-et-Tobago","6126","Valeur","22013","PIB par habitant, ($ PPA internationaux constants de 2011)","2013","2013","I$","31405.4","X","Sources internationales sûres"
"FS","Données de la sécurité alimentaire","222","Tunisie","6126","Valeur","22013","PIB par habitant, ($ PPA internationaux constants de 2011)","2012","2012","I$","10404.2","X","Sources internationales sûres"
"FS","Données de la sécurité alimentaire","222","Tunisie","6126","Valeur","22013","PIB par habitant, ($ PPA internationaux constants de 2011)","2013","2013","I$","10579.1","X","Sources internationales sûres"
"FS","Données de la sécurité alimentaire","213","Turkménistan","6126","Valeur","22013","PIB par habitant, ($ PPA internationaux constants de 2011)","2012","2012","I$","12235.4","X","Sources internationales sûres"
"FS","Données de la sécurité alimentaire","213","Turkménistan","6126","Valeur","22013","PIB par habitant, ($ PPA internationaux constants de 2011)","2013","2013","I$","13236","X","Sources internationales sûres"
"FS","Données de la sécurité alimentaire","223","Turquie","6126","Valeur","22013","PIB par habitant, ($ PPA internationaux constants de 2011)","2012","2012","I$","20282","X","Sources internationales sûres"
"FS","Données de la sécurité alimentaire","223","Turquie","6126","Valeur","22013","PIB par habitant, ($ PPA internationaux constants de 2011)","2013","2013","I$","21650.8","X","Sources internationales sûres"
"FS","Données de la sécurité alimentaire","227","Tuvalu","6126","Valeur","22013","PIB par habitant, ($ PPA internationaux constants de 2011)","2012","2012","I$","3031.9","X","Sources internationales sûres"
"FS","Données de la sécurité alimentaire","227","Tuvalu","6126","Valeur","22013","PIB par habitant, ($ PPA internationaux constants de 2011)","2013","2013","I$","3143.1","X","Sources internationales sûres"
"FS","Données de la sécurité alimentaire","230","Ukraine","6126","Valeur","22013","PIB par habitant, ($ PPA internationaux constants de 2011)","2012","2012","I$","8322.2","X","Sources internationales sûres"
"FS","Données de la sécurité alimentaire","230","Ukraine","6126","Valeur","22013","PIB par habitant, ($ PPA internationaux constants de 2011)","2013","2013","I$","8338.9","X","Sources internationales sûres"
"FS","Données de la sécurité alimentaire","234","Uruguay","6126","Valeur","22013","PIB par habitant, ($ PPA internationaux constants de 2011)","2012","2012","I$","18477.4","X","Sources internationales sûres"
"FS","Données de la sécurité alimentaire","234","Uruguay","6126","Valeur","22013","PIB par habitant, ($ PPA internationaux constants de 2011)","2013","2013","I$","19270.6","X","Sources internationales sûres"
"FS","Données de la sécurité alimentaire","155","Vanuatu","6126","Valeur","22013","PIB par habitant, ($ PPA internationaux constants de 2011)","2012","2012","I$","2899.2","X","Sources internationales sûres"
"FS","Données de la sécurité alimentaire","155","Vanuatu","6126","Valeur","22013","PIB par habitant, ($ PPA internationaux constants de 2011)","2013","2013","I$","2890.2","X","Sources internationales sûres"
"FS","Données de la sécurité alimentaire","236","Venezuela (République bolivarienne du)","6126","Valeur","22013","PIB par habitant, ($ PPA internationaux constants de 2011)","2012","2012","I$","17678.8","X","Sources internationales sûres"
"FS","Données de la sécurité alimentaire","236","Venezuela (République bolivarienne du)","6126","Valeur","22013","PIB par habitant, ($ PPA internationaux constants de 2011)","2013","2013","I$","17665.2","X","Sources internationales sûres"
"FS","Données de la sécurité alimentaire","237","Viet Nam","6126","Valeur","22013","PIB par habitant, ($ PPA internationaux constants de 2011)","2012","2012","I$","4821.1","X","Sources internationales sûres"
"FS","Données de la sécurité alimentaire","237","Viet Nam","6126","Valeur","22013","PIB par habitant, ($ PPA internationaux constants de 2011)","2013","2013","I$","5024.4","X","Sources internationales sûres"
"FS","Données de la sécurité alimentaire","249","Yémen","6126","Valeur","22013","PIB par habitant, ($ PPA internationaux constants de 2011)","2012","2012","I$","3793.4","X","Sources internationales sûres"
"FS","Données de la sécurité alimentaire","249","Yémen","6126","Valeur","22013","PIB par habitant, ($ PPA internationaux constants de 2011)","2013","2013","I$","3872.8","X","Sources internationales sûres"
"FS","Données de la sécurité alimentaire","251","Zambie","6126","Valeur","22013","PIB par habitant, ($ PPA internationaux constants de 2011)","2012","2012","I$","3509.4","X","Sources internationales sûres"
"FS","Données de la sécurité alimentaire","251","Zambie","6126","Valeur","22013","PIB par habitant, ($ PPA internationaux constants de 2011)","2013","2013","I$","3576.7","X","Sources internationales sûres"
"FS","Données de la sécurité alimentaire","181","Zimbabwe","6126","Valeur","22013","PIB par habitant, ($ PPA internationaux constants de 2011)","2012","2012","I$","1871.4","X","Sources internationales sûres"
"FS","Données de la sécurité alimentaire","181","Zimbabwe","6126","Valeur","22013","PIB par habitant, ($ PPA internationaux constants de 2011)","2013","2013","I$","1929.8","X","Sources internationales sûres"
